INSERT INTO Tiket_PromoListVoucher VALUES ('HANSDISC01', 'Promo Hans Diskon 200.000')
INSERT INTO Tiket_PromoListVoucher VALUES ('HANSDISC02', 'Promo Hans Diskon 400.000')
INSERT INTO Tiket_PromoListVoucher VALUES ('HANSDISC03', 'Promo Hans Diskon 500.000')
INSERT INTO Tiket_PromoListVoucher VALUES ('HANSDISC04', 'Promo Hans Diskon 600.000')
INSERT INTO Tiket_PromoListVoucher VALUES ('HANSDISC05', 'Promo Hans Diskon 200.000')
INSERT INTO Tiket_PromoListVoucher VALUES ('HANSDISC06', 'Promo Hans Diskon 400.000')
INSERT INTO Tiket_PromoListVoucher VALUES ('HANSDISC07', 'Promo Hans Diskon 500.000')
INSERT INTO Tiket_PromoListVoucher VALUES ('HANSDISC08', 'Promo Hans Diskon 600.000')
INSERT INTO Tiket_PromoListVoucher VALUES ('HANSDISC09', 'Promo Hans Diskon 200.000')
INSERT INTO Tiket_PromoListVoucher VALUES ('HANSDISC10', 'Promo Hans Diskon 400.000')
INSERT INTO Tiket_PromoListVoucher VALUES ('HANSDISC11', 'Promo Hans Diskon 500.000')
INSERT INTO Tiket_PromoListVoucher VALUES ('HANSDISC12', 'Promo Hans Diskon 600.000')
INSERT INTO Tiket_PromoListVoucher VALUES ('HANSDISC13', 'Promo Hans Diskon 200.000')
INSERT INTO Tiket_PromoListVoucher VALUES ('HANSDISC14', 'Promo Hans Diskon 400.000')
INSERT INTO Tiket_PromoListVoucher VALUES ('HANSDISC15', 'Promo Hans Diskon 500.000')
INSERT INTO Tiket_PromoListVoucher VALUES ('HANSDISC16', 'Promo Hans Diskon 600.000')
INSERT INTO Tiket_PromoListVoucher VALUES ('HANSFREEONGKIR', 'Promo Hans Free Ongkir Up To 100.000')

INSERT INTO SD_SyaratHargaArticle VALUES ('HANSDISC01', 2000000, 3999999)
INSERT INTO SD_SyaratHargaArticle VALUES ('HANSDISC02', 4000000, 5999999)
INSERT INTO SD_SyaratHargaArticle VALUES ('HANSDISC03', 6000000, 7999999)
INSERT INTO SD_SyaratHargaArticle VALUES ('HANSDISC04', 8000000, 999999999)
INSERT INTO SD_SyaratHargaArticle VALUES ('HANSDISC05', 2000000, 3999999)
INSERT INTO SD_SyaratHargaArticle VALUES ('HANSDISC06', 4000000, 5999999)
INSERT INTO SD_SyaratHargaArticle VALUES ('HANSDISC07', 6000000, 7999999)
INSERT INTO SD_SyaratHargaArticle VALUES ('HANSDISC08', 8000000, 999999999)
INSERT INTO SD_SyaratHargaArticle VALUES ('HANSDISC09', 2000000, 3999999)
INSERT INTO SD_SyaratHargaArticle VALUES ('HANSDISC10', 4000000, 5999999)
INSERT INTO SD_SyaratHargaArticle VALUES ('HANSDISC11', 6000000, 7999999)
INSERT INTO SD_SyaratHargaArticle VALUES ('HANSDISC12', 8000000, 999999999)
INSERT INTO SD_SyaratHargaArticle VALUES ('HANSDISC13', 2000000, 3999999)
INSERT INTO SD_SyaratHargaArticle VALUES ('HANSDISC14', 4000000, 5999999)
INSERT INTO SD_SyaratHargaArticle VALUES ('HANSDISC15', 6000000, 7999999)
INSERT INTO SD_SyaratHargaArticle VALUES ('HANSDISC16', 8000000, 999999999)
INSERT INTO SD_SyaratHargaArticle VALUES ('HANSFREEONGKIR', 0, 999999999)



INSERT INTO S_promoTierDetailTier VALUES ('PRHANS1', 'HANSDISC01', '08','Promo Hans Diskon 200.000',200000, 1,'2023-02-10','2023-02-19', 15, 1,1, getdate(),null, null,null)
INSERT INTO S_promoTierDetailTier VALUES ('PRHANS1', 'HANSDISC02', '08','Promo Hans Diskon 400.000',400000, 2,'2023-02-10','2023-02-19', 6, 1,1, getdate(),null, null,null)
INSERT INTO S_promoTierDetailTier VALUES ('PRHANS1', 'HANSDISC03', '08','Promo Hans Diskon 500.000',500000, 3,'2023-02-10','2023-02-19', 2, 1,1, getdate(),null, null,null)
INSERT INTO S_promoTierDetailTier VALUES ('PRHANS1', 'HANSDISC04', '08','Promo Hans Diskon 600.000',600000, 4,'2023-02-10','2023-02-19', 1, 1,1, getdate(),null, null,null)
INSERT INTO S_promoTierDetailTier VALUES ('PRHANS1', 'HANSDISC05', '08','Promo Hans Diskon 200.000',200000, 1,'2023-02-20','2023-02-26', 15, 1,1, getdate(),null, null,null)
INSERT INTO S_promoTierDetailTier VALUES ('PRHANS1', 'HANSDISC06', '08','Promo Hans Diskon 400.000',400000, 2,'2023-02-20','2023-02-26', 6, 1,1, getdate(),null, null,null)
INSERT INTO S_promoTierDetailTier VALUES ('PRHANS1', 'HANSDISC07', '08','Promo Hans Diskon 500.000',500000, 3,'2023-02-20','2023-02-26', 2, 1,1, getdate(),null, null,null)
INSERT INTO S_promoTierDetailTier VALUES ('PRHANS1', 'HANSDISC08', '08','Promo Hans Diskon 600.000',600000, 4,'2023-02-20','2023-02-26', 1, 1,1, getdate(),null, null,null)
INSERT INTO S_promoTierDetailTier VALUES ('PRHANS1', 'HANSDISC09', '08','Promo Hans Diskon 200.000',200000, 1,'2023-02-27','2023-03-05', 15, 1,1, getdate(),null, null,null)
INSERT INTO S_promoTierDetailTier VALUES ('PRHANS1', 'HANSDISC10', '08','Promo Hans Diskon 400.000',400000, 2,'2023-02-27','2023-03-05', 6, 1,1, getdate(),null, null,null)
INSERT INTO S_promoTierDetailTier VALUES ('PRHANS1', 'HANSDISC11', '08','Promo Hans Diskon 500.000',500000, 3,'2023-02-27','2023-03-05', 3, 1,1, getdate(),null, null,null)
INSERT INTO S_promoTierDetailTier VALUES ('PRHANS1', 'HANSDISC12', '08','Promo Hans Diskon 600.000',600000, 4,'2023-02-27','2023-03-05', 1, 1,1, getdate(),null, null,null)
INSERT INTO S_promoTierDetailTier VALUES ('PRHANS1', 'HANSDISC13', '08','Promo Hans Diskon 200.000',200000, 1,'2023-03-06','2023-03-12', 15, 1,1, getdate(),null, null,null)
INSERT INTO S_promoTierDetailTier VALUES ('PRHANS1', 'HANSDISC14', '08','Promo Hans Diskon 400.000',400000, 2,'2023-03-06','2023-03-12', 6, 1,1, getdate(),null, null,null)
INSERT INTO S_promoTierDetailTier VALUES ('PRHANS1', 'HANSDISC15', '08','Promo Hans Diskon 500.000',500000, 3,'2023-03-06','2023-03-12', 3, 1,1, getdate(),null, null,null)
INSERT INTO S_promoTierDetailTier VALUES ('PRHANS1', 'HANSDISC16', '08','Promo Hans Diskon 600.000',600000, 4,'2023-03-06','2023-03-12', 2, 1,1, getdate(),null, null,null)
INSERT INTO S_promoTierDetailTier VALUES ('PRHANS1', 'HANSFREEONGKIR', '08','Promo Hans Free Ongkir Up To 100.000',100000, 1,'2023-02-13','2023-03-12', 999999, 1,1, getdate(),null, null,null)
